signal_strength,pulse_width,frequency_noise,label
-47.516429234943836,159.26177547531643,0.6399355436586003,0
-50.691321505855925,169.0941664047013,0.5924633682912769,0
-46.76155730949654,136.01432426180858,0.5059630369920174,0
-42.38485071795987,155.62969236690572,0.4353063222294426,0
-51.17076687361668,143.49357430878172,0.569822331361359,0
-51.1706847847459,145.12874616235302,0.539348538542175,0
-42.103935922463045,144.07606075761132,0.5895193220027732,0
-46.162826354235456,141.36009230320184,0.563517180168197,0
-52.34737192967476,150.48521627944828,0.6049552715319335,0
-47.287199782070175,141.69049883588963,0.4464764788439432,0
-52.31708846406231,152.7045682577984,0.6317394065634325,0
-52.328648767851284,149.49761890550863,0.51975996046924,0
-48.79018864216983,147.6105195313359,0.7075260872625265,0
-59.56640122328899,140.924363379584,0.4310812181910432,0
-58.624589162565165,144.23228669431668,0.6735963803165249,0
-52.811437646204865,157.55391225825755,0.5197910783462648,0
-55.06415560167212,155.0091718762438,0.43485819963855515,0
-48.42876333702363,140.22444755201448,0.4516114165945678,0
-54.54012037760606,150.99332305429226,0.46796526918056797,0
-57.06151850667646,157.51387123371788,0.5424165946401917,0
-42.67175615539223,133.3059471887863,0.55228354880355,0
-51.12888150243268,155.43360192379936,0.4426299996061421,0
-49.662358976560384,143.37376241054153,0.4975645407739017,0
-57.12374093106728,155.7059866859316,0.7142270358611864,0
-52.72191362262591,142.36740843457483,0.6727543170100712,0
-49.445387051450666,131.9511789933548,0.5436323669674032,0
-55.75496788711151,133.72457562116838,0.50380034781682,0
-48.12150990827164,150.48084946661382,0.5120031326718262,0
-53.00319344959402,152.5972250172148,0.5613517972730416,0
-51.45846874896638,140.95683374895592,0.39772074348015946,0
-53.008533061146984,156.38592458777373,0.4742623462576655,0
-40.73860907745531,133.3847993773104,0.3331415926122411,0
-50.06748612368967,149.33920201352683,0.5399223122605279,0
-55.2885546447795,137.88983800237543,0.564719593970274,0
-45.88727543948406,143.4816389219784,0.4516813537700626,0
-56.10421824985511,150.47398671316415,0.6573986763290033,0
-48.95568202497622,141.39586634716048,0.3774234336997659,0
-59.798350619398875,146.15444455770174,0.353562511979018,0
-56.640930244492154,160.0629280921444,0.5224451818559972,0
-49.015693820654384,144.2310813047685,0.6047098302612155,0
-46.30766710002295,158.3569211206514,0.6683927691457869,0
-49.14315859405015,138.70293145342382,0.454111573713106,0
-50.5782414119412,155.29804177915284,0.6078680833431296,0
-51.505518477946445,164.415686206579,0.4961491530499293,0
-57.39260995183714,125.28355499872711,0.48273727000591804,0
-53.59922104197354,142.03104744529523,0.5883659937486673,0
-52.303193854798934,155.7707212718054,0.5652322878413419,0
-44.714388868905424,147.96954613957007,0.342360784301575,0
-48.281908552157695,153.7114587337131,0.6476540349725896,0
-58.81520077681367,143.9601481328418,0.6380091354147451,0
-48.379580153026026,150.865897874729,0.43744372984904706,0
-51.92541140208158,148.4432276460792,0.5395803533437409,0
-53.38461000152979,161.67782061659807,0.5494030186282739,0
-46.941618555795664,152.54420843301213,0.5260673765823907,0
-44.845002387520246,153.37602662075201,0.444969484615458,0
-45.34359940441901,145.88123033877534,0.4328376632061948,0
-54.19608761611319,145.12393775927507,0.49744459290085546,0
-51.54606187925607,145.6744181218038,0.6172729019259364,0
-48.34368284298218,153.94452142378296,0.5543600154594432,0
-45.122274364388204,145.79015519179737,0.4629385667913894,0
-52.39587118922645,152.89774856896412,0.5771698710648345,0
-50.92829488331908,170.75400798645438,0.21514573793699243,0
-55.531674870030145,158.71124703431693,0.6148765700372103,0
-55.98103312040335,146.7397646783216,0.32602862212219,0
-45.93737088802901,162.01213922163944,0.4637559058596868,0
-43.21879985714588,145.91924626978448,0.3880330105373856,0
-50.36005060790167,129.61875464822145,0.3705318524279094,0
-44.98233551053988,139.91913689082597,0.6160826787378519,0
-48.191819874761826,131.29208078974145,0.45322987986881086,0
-53.225598773025624,146.48486515958692,0.5346503881730715,0
-48.19302197245793,150.18418379189552,0.49530794211208157,0
-42.309817167670154,166.76437312275283,0.5477040827223122,0
-50.17913019554976,153.26927373764164,0.5076821891060256,0
-42.17678172092997,147.80899471191137,0.37170077758114306,0
-63.098725520448724,158.29405581183488,0.599626681944714,0
-45.89048747812388,127.88864690992115,0.4506243416838688,0
-49.564764658809146,152.35614558108566,0.3443418101340249,0
-51.49503675232934,157.70865193886968,0.4571884839034087,0
-49.541196117322485,135.21413754220157,0.6500759790634311,0
-59.93784457300446,161.43754043206928,0.5850221742113493,0
-51.09835943918756,153.38496407494415,0.4651347865592141,0
-48.21443714244127,145.847120860992,0.46507422956815714,0
-42.61052977629242,156.32781866106285,0.46783649487826173,0
-52.59135109136824,172.70692857804397,0.707674798356084,0
-54.04246801446594,151.81866255058495,0.5381935452231553,0
-52.508785217922686,152.48220586300337,0.543004164719107,0
-45.42298941148963,145.40639100459757,0.6030283454031842,0
-48.35624445170158,141.5015563053521,0.5238789159026513,0
-52.648801018835194,158.30335816544246,0.4740957854179297,0
-47.43366283443322,141.43916174091132,0.4803650150915022,0
-49.5146122532598,150.71566237219392,0.4928398740585936,0
-45.15677504733556,145.22342553234884,0.4962777763490158,0
-53.51026546938676,154.78979825746393,0.572762954363698,0
-51.63831073298884,153.33662105286948,0.50519458858073,0
-51.96054076566079,160.37539944257898,0.5732640077215579,0
-57.31757474066059,144.89983601145252,0.49192834198914176,0
-48.51939861467712,147.3012506470663,0.5078635190316091,0
-48.69472363910055,140.21236284217693,0.30017993154678924,0
-49.974432716787696,145.5570673992389,0.5916327674702482,0
-51.17293566687574,153.7730049304485,0.5346488475897992,0
-57.076853710252074,157.56988616645353,0.5998010109859653,0
-52.10322661382679,140.77834675822373,0.21037446218063105,0
-51.713572582633844,158.6960592010566,0.7088374704780728,0
-54.0113863461081,163.5563785880495,0.4860410371844826,0
-50.80642855833005,154.134349032237,0.6108182816737516,0
-47.97974571592731,168.76795812558066,0.39600940728744694,0
-40.56907049394735,142.26210800896428,0.5612773905062569,0
-49.127110935840804,137.55345296688583,0.39465844368263436,0
-48.71224804638618,132.21279751095722,0.4376231039304195,0
-50.37222957883083,164.96044311489183,0.6914031353866786,0
-59.59385607649521,156.54365656354057,0.4809317599236653,0
-50.132569377246085,149.44415329089546,0.5217432873179723,0
-49.69884895029487,152.7996862631982,0.5870067730688754,0
-37.683789437573566,138.74510952701624,0.5495681887972604,0
-50.96180482390561,174.45751979616827,0.5150418905143577,0
-48.49226328833194,151.29221181975228,0.5364961002466225,0
-50.17355884852622,151.09394794604893,0.7403415585238275,0
-55.84339018809766,157.25766623898693,0.49423812029664144,0
-44.2858859274249,154.81009231736712,0.5201099046714968,0
-46.24033483656613,152.23884024279133,0.6050654396007612,0
-46.04484026478477,142.09525544554688,0.6105525932957984,0
-54.5469372739737,154.71468357135996,0.618703030556038,0
-42.986028445319505,168.82024496475034,0.5638730222029185,0
-57.009255313961404,163.4542004615498,0.38569950872695163,0
-47.06571453099865,165.93186626639397,0.6633431532301096,0
-39.047721870950106,144.88784323568814,0.3853654606981312,0
-54.95268162565344,140.1039517974142,0.5302635465239033,0
-52.83148864801386,148.74213079900352,0.4245724149980642,0
-49.501743174561796,150.55724912288696,0.49358616534070077,0
-52.517378270581,160.94191518470947,0.532876241030348,0
-57.75331715533066,133.0753537028518,0.5321357215450273,0
-49.65718512596986,165.29550319460614,0.5421920754235284,0
-55.311518568630525,148.4199210142101,0.6613711269058647,0
-47.63203784682409,145.7311893005258,0.545353430151398,0
-54.597121171169015,139.87895624739832,0.4755843364709351,0
-42.2503279749123,133.4514332813423,0.5964087168288357,0
-53.91626646168118,158.23170583961914,0.6189470488924641,0
-51.61030758102838,150.73317967188405,0.37723921848630076,0
-45.93241391315165,137.10039100258945,0.5597400069849858,0
-56.15432158216978,137.04921227936384,0.5701172742310898,0
-48.86270032697935,146.64215300709873,0.4702436496640008,0
-43.46428622858786,166.69021525289392,0.6375706813311619,0
-58.03741617280614,147.40408648636395,0.48499444129674735,0
-49.07683070733848,134.96857046881894,0.5125576453471542,0
-48.70058602875788,147.54256935914054,0.48269281757161303,0
-46.090885641113445,147.27276430252329,0.5015579047581468,0
-56.18475355439041,123.03113357058429,0.3903724913104798,0
-56.60228306542138,149.45705133482187,0.3559949117405705,0
-47.39029217191551,147.69065469791323,0.6594505063224972,0
-48.51507663383407,156.96206364813418,0.4153038651681672,0
-48.747535748270614,168.48956094945345,0.4008607650543693,0
-48.26775895251512,161.26565029547757,0.2846609886396285,0
-53.40012360789245,147.31111309445168,0.4361038252310498,0
-48.83873151419498,138.9347409125833,0.3676910206592502,0
-48.53463763350659,175.7335980324986,0.664201516013637,0
-53.57175709013184,150.59218434014488,0.6009817089342634,0
-40.671127444276216,150.13929291912947,0.4311849654822276,0
-47.63083539544106,149.75874912889998,0.7252435805344308,0
-55.95651748601324,151.98084760767856,0.5981765486991595,0
-46.71723195683085,148.55639588076056,0.46751686164913775,0
-54.873408351136604,144.26337993119765,0.2500594285126427,0
-46.06457698128774,144.53141058759607,0.7290942572590742,0
-44.20702210496298,149.67246729784003,0.3610427533236404,0
-54.10341159175855,144.56575228866234,0.3354601253043108,0
-45.183119353778395,142.87154217322836,0.6022570432009641,0
-47.936095365317506,151.06430227691897,0.7439752406339273,0
-45.88969920002755,147.45022782579144,0.6384272818510518,0
-40.51603508673026,165.0399298858269,0.5563909120052359,0
-51.22694058001435,123.49030191606988,0.5594754341665286,0
-53.76868082178745,160.91506851922463,0.5853415558780308,0
-54.44757214812762,162.46085192497628,0.5758928589786765,0
-54.07905142482719,129.2660976759185,0.5281191423969376,0
-50.38550854707052,146.57312405919652,0.5104201103951876,0
-48.29424012591678,146.2855913400421,0.49374068721004777,0
-48.6165460033499,135.9248830528218,0.4246035411133324,0
-45.86408375481988,142.22183312409123,0.47193249231332257,0
-49.934990540610464,138.8942415453417,0.33070431858046145,0
-42.73232961421341,167.52270443423623,0.490166037320525,0
-51.32328416618978,159.3567839314746,0.40114088928490826,0
-36.399154167051904,162.7155509499416,0.38964106827842293,0
-46.871663261174966,157.21672064043236,0.5179894151153478,0
-54.285787782081414,138.7094822878277,0.6392002286344599,0
-55.354462490305565,144.75479733720226,0.5918316606002313,0
-47.58763792378407,154.8937456122792,0.3429499396376823,0
-51.11731392662925,137.77872191108054,0.40103718634296626,0
-46.42999752953954,157.12998430172388,0.5940771187988216,0
-47.633811877132274,147.59674601841866,0.40175126064616906,0
-50.36414456328436,146.25179192450403,0.47753668500029756,0
-54.23396859034202,157.1095996820349,0.5550052099024552,0
-57.57423612342932,154.4426331148604,0.40316555451363645,0
-52.232574760335105,146.3903383418092,0.5105375506145959,0
-45.71800602838264,161.59329803364247,0.36659745050817955,0
-48.92953127934898,139.18936672400102,0.4398632356048786,0
-56.22869389355994,156.15935606944265,0.5319781934142537,0
-49.13409537074409,155.93101257968385,0.3407006266468331,0
-48.07341310135582,146.9045356068601,0.5440474737960399,0
-54.419287181005664,153.26133022242118,0.4980362201073319,0
-49.231374470272364,137.48886423614698,0.5552489954417148,0
-49.70895640777,159.240270192069,0.5223914134064661,0
-55.71485148915312,148.1509786355701,0.6364140429973845,0
-48.211063198258586,144.77276979480962,0.5125224502647907,0
-47.196077368158825,160.4900922583689,0.4570594458874747,0
-44.58474378412362,142.9565630945724,0.5122297503032284,0
-44.73098973982549,135.9153870363644,0.5543298029036388,0
-56.888346839785456,134.43370826476095,0.5048860070325705,0
-54.689125199575614,156.0600995134564,0.5040591691203883,0
-47.4248236639567,137.19570647503718,0.42980083121932444,0
-47.43107024543895,167.54794181984366,0.4337099082449052,0
-47.42476156846976,129.18070592116277,0.3597394728200306,0
-30.736342546726394,166.96456368290038,0.6749576743186939,0
-47.14554744653417,152.11017467202618,0.3756136764608715,0
-44.322171799097006,149.03286888129608,0.4307094802204093,0
-45.229991182533986,144.5508091319105,0.42815927344308025,0
-46.74304374347101,153.99136114352072,0.5894924376944441,0
-51.576346223201725,149.62365297575153,0.4705050321707972,0
-46.20515389753366,161.0330188201652,0.6247742072673734,0
-53.86412607268786,151.1422764866204,0.4326509375756131,0
-51.184093033700044,151.50301761461878,0.5278994162223802,0
-52.42681773914552,146.36387787786146,0.41646529467402427,0
-49.59062930306839,149.4305437627893,0.7145149127773388,0
-38.426707166632454,153.0780176889206,0.3812401580970487,0
-59.33632596295874,132.89831607343373,0.5309820710227028,0
-46.568699048127435,136.51814577894288,0.5633776880932099,0
-58.06357935594826,157.43264094022715,0.5413799097451498,0
-52.35965932894717,151.70865438127942,0.4814712341122292,0
-44.55524701516317,148.1601666364732,0.4870179300266574,0
-49.678599904522684,150.18433933065393,0.5043811471979109,0
-55.38872388964653,153.4758170536167,0.48529979983715116,0
-53.57651854629984,144.60240319690638,0.596387911679491,0
-46.60201125532662,142.21695274597687,0.7210523001591351,0
-53.65183315858568,151.9584525509768,0.44425082149921663,0
-48.91770705209012,140.21627222384967,0.3630197020420922,0
-49.77214080048093,154.08252755714472,0.4911717951648745,0
-53.25800173802909,132.97416395762158,0.7579709337654319,0
-39.280279553373376,160.29155637325644,0.4196325432030269,0
-46.830404888409944,154.72597482413042,0.6639116805444067,0
-60.125712933288035,152.56029734313876,0.667770081407644,0
-49.06772842615286,159.82690983945514,0.44464117582920054,0
-53.30893232384194,166.65474444462578,0.5568983079185276,0
-45.73783332601888,160.1437006501813,0.6628396623128539,0
-53.962603692163505,131.59125768668355,0.4620872259012513,0
-50.57368220733449,137.204230332643,0.47964196398976383,0
-47.475063605097716,143.7518142230432,0.4418319086051356,0
-45.67122402914939,150.26091050210835,0.3985243269307133,0
-56.00148203527888,155.17659020469122,0.4350722454933993,0
-51.672506179204746,142.74256186846534,0.3776059733237743,0
-52.374726555804784,151.8676676447708,0.5034083468259226,0
-53.26664616286856,142.44617067646678,0.42300267689413584,0
-41.17272879859452,143.8848219700805,0.5233785911790748,0
-47.975091445195226,135.93338903151778,0.3444104353796372,0
-56.30441977167523,140.76766753889095,0.5330880232214457,0
-45.41069026472612,136.48315394383667,0.5833528961608925,0
-39.389219014936835,140.24126747022666,0.3006264357428544,0
-44.83767369724426,160.5364179660784,0.5374056569847572,0
-57.596849829770065,140.50601111168058,0.6227668992473292,0
-52.42117036433126,176.3238206483739,0.37903589813087946,0
-43.665444254066884,154.9331790088089,0.6672572386837703,0
-53.538347328093906,151.84836123694873,0.5419019009366045,0
-47.780902859268856,141.41642219818786,0.4294988144241591,0
-46.12682973285332,157.0030987940899,0.4944230922342294,0
-54.63465235789042,144.24362173762225,0.5558326912521723,0
-50.297626780309,151.2200981464536,0.5076005391412411,0
-66.20633670034536,175.60084538268794,0.5538755992446369,0
-55.12193820667145,149.0394010027535,0.40793264069206336,0
-51.2628407569658,161.49273326285675,0.5169360824036078,0
-56.23891590982425,142.96823574874114,0.35862855030950197,0
-41.83794348034182,149.65011509503037,0.48887739386512996,0
-57.15070688980316,167.7080063563551,0.40960923585352105,0
-52.20022243348492,143.73032942212234,0.42644700574102334,0
-49.34629711356954,168.1244855799693,0.6236093175210438,0
-42.79363355466942,157.07751935455477,0.6091310120594269,0
-57.1793107558972,144.37533224105732,0.5609138120907177,0
-44.184181239225204,156.3240773905552,0.3907687235327421,0
-49.94883469490207,159.7255444962673,0.46835915503051984,0
-54.90754325523976,156.21809962217196,0.6213097699979183,0
-47.68948262868365,134.29775280109544,0.5141716913639904,0
-49.00470152213265,142.72862824175132,0.7319329539981694,0
-53.00108438579397,147.52481364448496,0.5393317839394371,0
-49.650989575049906,149.25566570899954,0.5192049116490032,0
-51.926567984308804,156.20672097550678,0.4690883535797499,0
-49.43241327374376,151.77701000933254,0.5133540904782282,0
-46.68934662739477,136.64655641289897,0.4847530163619456,0
-42.06991591927324,153.80197851005963,0.570810867668859,0
-56.189077494134246,156.10585745283822,0.5956702316794584,0
-39.334833126718664,155.5979044793104,0.421401053949205,0
-59.76043899761251,160.8078072555462,0.3668767046442222,0
-50.75892547517792,158.33922154548904,0.3163794626896703,0
-47.05841396757712,154.59180079228437,0.5507991326912544,0
-48.59504066132484,149.29834288541352,0.38966333938261266,0
-53.11349759910297,133.39039066484008,0.28471094070475167,0
-51.04061125178637,154.29618219132587,0.5388578604530965,0
-52.46500467329416,152.0768768716311,0.749299951743279,0
-52.946823784721055,152.71578837195372,0.4993929088460107,0
-45.75198951489487,137.2325142417969,0.5838490774451642,0
-48.214922570174764,139.18943459591736,0.5081829358547565,0
-53.46454797630327,160.53152853332904,0.49011103468088574,0
-45.50200062283375,149.60444846143346,0.5919076482987768,0
-48.463502395616956,156.81500697372624,0.4709725455811349,0
-45.9356894058052,150.2831837613046,0.5267392314071903,0
-46.85185579038194,150.29756139495746,0.5321697806196014,0
-54.14497505461036,159.38283805976,0.4331909546356951,0
-52.80090520098485,144.83955271782625,0.5992042349536523,0
-46.26353197438369,150.96120776940984,0.48250402433045914,0
-46.94814867283267,145.3772471129496,0.4244254840507155,0
-50.10450796982074,145.65503772567683,0.5536509843570403,0
-49.41336308345609,146.9082787653136,0.41015320182089626,0
-43.611675521057876,152.22133771633713,0.5028181157369128,0
-52.95785694417915,145.21251378336524,0.49908810033557965,0
-47.26451309414981,162.5575612557352,0.6085895565831578,0
-51.01096326216947,141.05392697780496,0.5474698232879953,0
-51.088406016136105,148.1312835583864,0.4974973041254856,0
-44.50611574006405,145.60268941725826,0.5817766299200287,0
-45.87291825505985,164.46977884353734,0.6390207549017314,0
-45.93245181999681,151.96554776511576,0.5557810306351862,0
-43.47260596422836,160.31844539468634,0.501035261984338,0
-49.894980791836204,135.14439626963028,0.368816376764984,0
-46.59023514352518,152.67050265869258,0.39348863369246273,0
-51.55133378296728,158.89630795623438,0.46947752956453326,0
-48.37916823755779,150.82283989275425,0.4390487797840717,0
-50.65071527183842,160.6548037506535,0.4813028697014554,0
-49.51502017503641,144.82711549899628,0.5056649924897108,0
-47.024214872815435,164.0934744018558,0.5529692754356731,0
-54.091103416167364,172.9889812361925,0.4929501221940909,0
-39.5380636215727,146.37161439560342,0.5486501643826202,0
-55.03008690749851,145.54497478599228,0.5064474414810121,0
-56.07094306393866,164.533844771177,0.3024533433646128,0
-44.20944563249966,165.79572145730714,0.40606646061812457,0
-46.04168653018532,144.77139972846732,0.48559124442783846,0
-46.87940091473922,145.79813182904144,0.37903052571588924,0
-46.8582724536786,147.18215391139492,0.5599928729996204,0
-50.06123386423457,136.55549488965724,0.6530750832343697,0
-54.48627185742916,140.81348053515802,0.6218761851697316,0
-49.620977209031366,139.95859233247933,0.47865571290697917,0
-53.38580855756056,142.3220243489587,0.6490726136849952,0
-45.12440133291125,149.6531511261322,0.5148667457202112,0
-50.73528690751069,152.3421473253652,0.46629140288819604,0
-54.12748598396256,165.50500492814078,0.43865973364590605,0
-51.606929208264965,140.01645959261208,0.4697530313511872,0
-47.935342728621876,159.84322398476584,0.4611823181458771,0
-52.81862276401987,147.86011155774491,0.5170416222375488,0
-54.111101977832156,149.50536290347566,0.5160573981049864,0
-48.78156394254044,156.74819492166603,0.5003046020153414,0
-48.77516714445639,138.772779784377,0.543693816974635,0
-52.53471587685565,153.8240974618405,0.6190646274786341,0
-52.355191528091616,151.66452208213056,0.5949554135441324,0
-48.839750313211816,154.9245126400815,0.35151020315500964,0
-57.24042170748662,152.89168643907817,0.24460788650980453,0
-57.037318871882775,174.55300139910895,0.5934319911239274,0
-53.59222110626218,143.62260015748683,0.36331213015845787,0
-51.067235758559235,144.69003044998183,0.47752345981073163,0
-48.445462172009975,143.76859473575234,0.38298869739406405,0
-42.62321891525224,144.44522880839745,0.31980195624199803,0
-45.7117018839899,143.62612872693484,0.5541462728204788,0
-50.79969264981713,161.89016531107552,0.5759155160302647,0
-50.095081039513445,164.20504247989854,0.44234895992732803,0
-55.012646823189044,144.29253706250523,0.240895770785509,0
-50.09256567996195,141.6764442689577,0.4453755551747517,0
-51.44329319460069,154.71415556386404,0.5391804005402546,0
-48.386407198309556,144.4777695571903,0.3521088431225871,0
-54.13615471776161,156.3293181775551,0.5183359919779156,0
-47.40326742879414,152.02923020851298,0.4984690150827004,0
-42.33630543498711,134.84255885002767,0.5579291499601089,0
-50.54380074228429,165.47505201330063,0.5119580368414153,0
-47.99144138950529,167.9587767309552,0.40269310591184443,0
-46.54928004144444,143.87211309515612,0.6196571501664492,0
-52.00610235942918,146.12298440064015,0.484147042697303,0
-48.87953759094792,152.85865390724905,0.4972695460490068,0
-49.93703799609103,153.34456789987024,0.4066732040926804,0
-49.511619507255844,156.5854427267283,0.455671774880849,0
-53.865048919277335,170.1020453876635,0.4115197285973099,0
-49.87744912870529,148.23052772505952,0.4827053940076577,0
-47.51000854377275,142.01702755461545,0.6711708480142343,0
-42.74428196102479,136.20680771985474,0.36280988570686434,0
-45.20364586957397,142.6906996005808,0.33864386021232584,0
-39.23408771244222,149.66873027126204,0.6471170327493608,0
-53.83673781444025,167.94557863517787,0.4790676322848134,0
-45.63839681639661,144.8238870096383,0.43309272613400834,0
-49.08328997130824,152.23787951638897,0.6039904687396076,0
-39.05098533391164,149.8357710392725,0.4394384460263136,0
-54.04149142677576,161.88393273448085,0.6826009713546937,0
-54.19860921090388,175.26932425873622,0.5677925871339269,0
-52.996963227220114,144.6913122707968,0.45120885918542974,0
-60.619478621549035,145.1056055748178,0.7157308213265503,0
-52.62877510840381,160.44160877069072,0.4394285076996661,0
-53.79566330776849,156.81891489626312,0.5742095372009307,0
-49.24803106761896,168.46707325736034,0.5299292580406492,0
-48.2912201211142,155.83928185325965,0.6301741289398798,0
-40.61914580392057,146.4070790921294,0.6561511196726852,0
-45.24788080906975,155.9065483069231,0.5032004149065766,0
-52.884518278312015,161.0870358058291,0.42465821296538164,0
-54.49207335674179,158.20482181197363,0.5459972142939117,0
-47.54040414246747,155.07274031107298,0.4322284630247894,0
-56.60116603510321,160.66674689589155,0.7013387247526623,0
-40.842706170728235,161.69295590445674,0.5136535331082738,0
-44.102799396393564,163.82158991037528,0.4634678448687891,0
-52.34587826052353,156.48709887589644,0.5184680305864908,0
-58.565672645454384,148.32881919683146,0.36528737104703035,0
-43.23063812917294,151.46713686433324,0.40283859614893486,0
-50.57269922626309,162.06508966508358,0.6200413907944425,0
-43.81091844013269,141.83064329012763,0.4343105721028604,0
-57.97213829397184,153.686733088729,0.39530890173180605,0
-52.99687511476886,146.0666118767264,0.5536652752527286,0
-49.973781501409086,150.28744822934817,0.6185704154662997,0
-49.76509703117629,162.78451862607298,0.5718953310665067,0
-52.250327357396216,151.91099068019903,0.5996047685805816,0
-46.885750338262504,150.4643654815615,0.4243204911430539,0
-55.33810214691297,136.4014385902008,0.3578189333258156,0
-50.711897425106464,157.4625356602722,0.6501333651955487,0
-49.398521841440505,156.45484181141074,0.4677320161157864,0
-47.42780582970626,171.6325472330546,0.47491669835449524,0
-46.441925609555554,146.92221765047,0.6328194141849058,0
-55.623210459189345,152.1915032766394,0.555623000940066,0
-57.670570853678115,152.49383683710755,0.5455887772081608,0
-43.61161589050745,165.77453279763475,0.7165002344901084,0
-48.33842994010204,149.04704467613047,0.4356481769619857,0
-53.74243268278277,152.79021525770338,0.5927840128081238,0
-42.24424012238738,156.0789650971654,0.5057013124897084,0
-49.42162682853571,151.8660912315636,0.5268592278863257,0
-44.10351407968087,145.53566385449471,0.6528468426412531,0
-49.66240759294946,151.94089992898307,0.5507835756289624,0
-39.696260375590064,160.7363174985977,0.5538296079049633,0
-41.22329578778398,139.7348470058894,0.6072507337309803,0
-51.24482074239537,151.32969674146875,0.46350472704571144,0
-45.14214524522822,142.99879185060826,0.41607903326609935,0
-46.773120252074264,161.95046628924842,0.39551908059789664,0
-43.156842212338255,134.76813095216227,0.30336434106239984,0
-54.82461730290052,144.41078152728412,0.7056207129940322,0
-46.5697427000078,153.7721187506452,0.3896791634278317,0
-44.707877565752064,165.6552402923434,0.4778746376414228,0
-58.79369743211557,149.34249738927014,0.47231867001110794,0
-55.916292563328874,144.44800473306802,0.5307406697809101,0
-60.196160888800506,168.8115706944059,0.5815737212539297,0
-51.34703417222279,135.51986099583755,0.5860473488359745,0
-46.41228872102019,128.01194043379917,0.44169225614310614,0
-42.48821473951986,154.40014450053332,0.48328782862135883,0
-49.62952609790113,144.9794577564739,0.52825799504883,0
-41.85692227214354,139.78767182869288,0.4751308873816453,0
-56.900507291074454,157.08356447299354,0.6607345576019993,0
-58.51691219677578,152.438007137712,0.5490974951638251,0
-50.277738494483096,144.35921369263272,0.5734877786049818,0
-48.07967275530346,137.19695601329104,0.5662881268667412,0
-50.163473740470465,158.72457328280146,0.6173473857485325,0
-60.33721050019938,156.5020117795866,0.5181021558703707,0
-50.44560019756394,149.00824136220618,0.37031680520441534,0
-56.52234750252427,168.46636996047667,0.5399687951752642,0
-46.651637255849806,139.29915233673847,0.4348643106208171,0
-48.16700876951576,134.74474829075263,0.4471383318250243,0
-54.69939893163678,143.08091930118755,0.5586364018755093,0
-52.56933458668347,149.54413983644503,0.6238283071433636,0
-55.296067609444755,152.43339449322693,0.5021271576736062,0
-50.313395486365856,147.5876394214367,0.5308833012598964,0
-45.22428839749381,153.52055396514297,0.6702214944635239,0
-54.928630231677715,137.48460575809557,0.5240753179488569,0
-47.47976742241078,164.4376460407326,0.7601683114180395,0
-52.651288091862206,149.1784882160743,0.5565509645631544,0
-53.96436416131172,161.1729583158813,0.3239237240844182,0
-50.53515179977279,153.42725346377705,0.5753341621104533,0
-55.17621161209687,154.56753219153785,0.5381158384882778,0
-52.76824652673591,155.69767280232205,0.6289752754082746,0
-55.989389462944246,154.47708560017315,0.5673181351269958,0
-40.17637433541805,156.42722759867544,0.4861544016016226,0
-49.82368224014136,163.29152530132433,0.37757017637106344,0
-53.498627539962925,151.9652116970147,0.4790976742713975,0
-48.93010044632889,157.09003757588513,0.41494795457906997,0
-50.56164024845415,149.10264305712772,0.4419476550195277,0
-51.10484799766611,164.40117215449473,0.558857840442061,0
-46.92916649978287,143.2360769794073,0.6669904504351406,0
-46.212461449763474,168.00940432910815,0.5394671529822981,0
-52.65250573805264,149.59842049355657,0.38041169379648154,0
-52.8790912032234,135.69224897881952,0.5444602668220141,0
-51.37525848575822,151.28104414910788,0.6196631486645652,0
-61.50960582367792,143.18948342525118,0.43902170956806175,0
-57.57595531099276,158.40643548988723,0.4865982833327082,0
-43.16562866277738,143.4737602069761,0.5014688194729197,0
-41.77516143249358,145.5381656678522,0.421510168691776,0
-51.24518019778189,131.10459269054468,0.5648280433843859,0
-47.11721518472117,145.47693680750922,0.4879051851392218,0
-48.44374922728232,125.76120673371044,0.5419532443907028,0
-34.60559595772381,134.16097176514276,0.41125078221979,0
-44.40212544282711,157.60414656144297,0.45625416996765894,0
-50.63958795740383,157.85800158650832,0.5722381357827772,0
-54.77770220300213,154.25457561784964,0.4627166847908233,0
-58.03223160128786,140.33023856870787,0.6726963851233405,0
-48.982681820663885,149.5228864385802,0.46003638143853975,0
-53.78175372642151,149.96397460909432,0.5224684725751886,0
-57.111268547988374,138.41635310807456,0.593259083187309,0
-53.23286442121263,165.03398301767152,0.3581634267066968,0
-55.407740018071976,158.77362290575672,0.32391911880192237,0
-41.56429182463718,147.79035826170337,0.3474343685429905,0
-45.591801215252744,150.2688583899453,0.6262584103427182,0
-50.039863206583085,152.08382807947552,0.44481418541075535,0
-42.60027930554987,129.5826513157571,0.7558199285668252,0
-49.613158461761905,147.52822617479404,0.44357524013426114,0
-54.306421006641315,143.18015752002202,0.5184551303197037,0
-42.38437961365172,139.98379990105084,0.6542109952567876,0
-47.305449781576705,147.18899707114045,0.7006092888159123,0
-55.18623077163228,167.97686526849523,0.7061503576636398,0
-50.95169339041804,156.4084286126701,0.6208366230593143,0
-54.37809126692379,144.28821010217203,0.6024062525811462,0
-56.91399865482168,155.72582781356158,0.5592526949201183,0
-24.551472466833538,279.7446517507685,1.6711838991658592,1
-33.858300014299736,295.66443987853444,1.7904553981598583,1
-35.72739218395615,276.2274023700012,1.4006074850450032,1
-30.023621201876665,290.7611541108288,1.316328979647675,1
-31.1912923576745,243.19155999138644,1.1744548420326606,1
-33.17259634529093,306.39881122118817,1.2523768410063134,1
-25.125287867802992,300.0361642608667,2.3847283275926174,1
-23.312863540006425,275.4873410679543,1.873403874221036,1
-29.38115179595707,319.7773700529722,1.0946776901375936,1
-19.65728943261317,328.12710412879676,1.103262612976929,1
-37.99182379893453,251.77320406893077,1.6445598185155474,1
-31.355616214958026,277.1182566430136,1.6641794392133902,1
-35.01775624421963,276.92572950638106,1.6646651505952093,1
-43.06575631951142,271.80290696673404,1.4235132619338906,1
-30.578764800898895,324.88424525795244,1.46236372199913,1
-30.852232558682985,294.18521583681587,1.5983638572478072,1
-19.405851797305083,292.0645547606817,1.525767901887999,1
-25.584318208116557,239.8841290677974,0.8342098881757395,1
-37.169307770304435,319.0625409062768,1.431060110827442,1
-17.021352035660684,262.8222481543958,1.244578069721906,1
-21.45276413132253,301.79797890798983,1.5525634256725536,1
-25.92531607571969,308.32130813874574,2.395577700781023,1
-31.585388691948822,340.81975787515955,1.6102444996422913,1
-36.71607465706436,260.7353880264266,1.4059410941482806,1
-32.60544743249737,209.41463532537523,1.7765404505931757,1
-22.3787596620707,305.51548634261087,1.6448063661627639,1
-16.807895858457737,354.0153354453256,1.6260283471355523,1
-19.197295302094677,337.1683905881831,1.6820551779647013,1
-33.42194595250392,306.2897824582388,2.1169630694488624,1
-37.83732203302308,285.25091443103855,1.1607334694022253,1
-29.013796271621572,324.2136778991193,1.6420896230434363,1
-42.37907555893996,270.7936140088659,1.2220856610055386,1
-27.73782600070653,314.29073308068655,1.6666537939026744,1
-31.03321810409068,315.1641047749988,1.2243940465541718,1
-33.2622555130777,331.8062972249664,1.3747899559184746,1
-41.162921470867566,382.7898011673323,1.411473025728628,1
-26.404799254011984,311.772479015363,1.7927450158034128,1
-33.72890587763338,284.731091228775,1.775536333182724,1
-38.18941784997202,299.2327706342402,1.1262847870660846,1
-50.10583549297154,246.92772285332646,1.5164802332999545,1
-30.192604335354453,279.15860606732826,1.2871260435752483,1
-17.59423882331179,287.7215268566069,1.1224485267973996,1
-18.371185498164913,284.27734806196224,1.4348948848726888,1
-33.1996737961039,304.57064616101167,1.4074551634632542,1
-34.21548442253246,275.327402028534,2.2280149459036567,1
-26.718580207474833,333.63092001973416,1.6298879476082089,1
-36.98869807431804,300.0062119475459,1.0867147497737288,1
-27.887456701263737,299.72099036584154,1.3305677987487172,1
-24.637438051307168,290.16315850461245,1.8064149886288194,1
-21.411467432809847,304.65572051576936,2.1265328318609775,1
-30.70107853535967,324.75294794002906,1.0242050063286126,1
-31.42571625123876,273.986093528673,0.9360226844582865,1
-36.14587810729593,280.2565053277423,2.0612895526115347,1
-35.78816247827902,290.88821913670006,1.6168842532112713,1
-31.585352243310687,259.62387229580355,1.23951218043709,1
-27.428441452286755,275.42226420835505,1.6603887258367305,1
-23.604907616367253,285.71337379366025,0.7092756782949367,1
-35.62225265476241,326.23167542138185,1.5010126519791482,1
-19.55118001728335,307.8768398700577,1.5983463518529255,1
-31.897865207297983,305.8076973410263,1.777281041861349,1
-30.149571060439055,325.52693886503914,1.1958312143122387,1
-35.23048175403476,295.8788463480181,1.5257061484210077,1
-46.96968182191059,311.7139454978667,1.222372612182124,1
-23.81168222547265,296.90334741202514,1.5766151267022952,1
-24.842092720352966,307.9608704819889,1.2313961032910927,1
-31.969292899827494,282.51724027165255,1.3775697482519338,1
-29.531064979425896,226.83548525170713,1.2012553815629312,1
-26.388425476071305,295.9716251344109,1.695340872547097,1
-40.9378209982058,342.6824440829982,1.7575353349969995,1
-33.703368741424065,327.7864620672478,1.4296138290127758,1
-24.44014724264721,328.9619245377351,1.5114713984880086,1
-38.780025962184745,337.08392165418655,1.0654225756099367,1
-27.945094474833596,302.6597277288431,1.4100970055979638,1
-39.496072632363834,305.9194712221679,1.4849386148874766,1
-26.734990122965314,281.4704431369695,2.2862379273089926,1
-30.249490376082385,290.5178143191885,1.166409892267751,1
-41.30592271133857,318.47313449313424,1.9392531716257313,1
-21.8468245187998,336.1165331150645,1.7990576320397424,1
-35.14214103758634,295.81661172957,1.5841909213470409,1
-35.67176705910067,286.49432205445765,2.0275861452585398,1
-28.5960156193834,300.01583876569794,1.6116316417820589,1
-21.959538553998993,318.03620246787347,1.6167477587003787,1
-37.11075273284878,256.68435551599373,1.4840638040947365,1
-29.5682410510642,231.11457140588286,1.8670706647255884,1
-26.99828449768599,283.4838945152525,1.8289407701432652,1
-25.14826074915799,263.37862722257523,1.3122968137511362,1
-28.764909113059424,284.7557940705807,1.1042258416203699,1
-32.56919487358326,295.56659043547586,1.439105808781303,1
-35.79313154454104,286.4025477293096,1.259988430680706,1
-29.396992818675376,343.57402603412237,1.4809426276153934,1
-37.504973083899245,309.8023429380696,1.8712314404052417,1
-50.44945338446225,309.0142307883248,1.362809503473963,1
-26.944081370896324,318.66621432130205,1.4871529856065275,1
-23.67245611239663,265.83500646657694,1.5174068204425186,1
-46.54052704879287,331.17335362260803,1.7545292646615853,1
-37.068114932969564,297.7270714039362,0.8259331998046184,1
-25.665920172963617,320.1144185172364,1.317989911570411,1
-15.597531712018109,267.84428300879534,1.5633851076838419,1
-29.854444046272146,253.38723701951807,1.8600236869280584,1
-35.09602058860394,324.53668974075083,1.3524292657481385,1
-31.28027508773388,311.2922857829255,0.9370341881874378,1
-20.375865065962707,272.93845336927467,1.685913433789841,1
-34.52174925387175,273.91010756175916,1.3093912833523111,1
-35.594344046551775,333.7630435324431,1.1431000022728917,1
-33.37920465527423,264.31764321398015,1.3126963830860328,1
-36.673300257810986,349.2801885976789,1.4446423927032452,1
-29.141307788036432,272.9813779605639,1.3185766006385362,1
-18.627250790713077,319.1517577682515,0.8383301828702793,1
-27.738445088187795,290.1414457275305,1.7691198590661397,1
-31.766474514884013,318.0956229324703,1.8824625123836167,1
-32.04267888240881,283.6765799365742,1.6954565974018516,1
-40.9423356608766,295.1162128178312,1.158694298872555,1
-23.818231559969888,301.2275752618716,1.4395525398157447,1
-30.544860379089613,269.9343763265558,1.4980436054311626,1
-31.26335939513438,322.2247303626038,1.6796383168685731,1
-7.6482470250859755,284.6035930058524,1.7005021466154242,1
-27.908729641440196,293.1420025397994,1.2797478603664514,1
-35.26253735066629,270.16951876174465,1.524598666924068,1
-32.9845031734388,223.12999023614069,1.6371841213845724,1
-21.960880035622715,294.26916712199494,1.9367466966440299,1
-29.20710712623565,372.3784626483875,1.711351961947417,1
-40.06794584822157,323.5381286369407,1.7367170062126558,1
-23.565397457973575,299.42218860796817,1.5251479883788084,1
-34.67700859877296,292.113275123752,1.923137743561051,1
-16.88691556647718,300.6739767843614,1.6229288387878493,1
-22.43966353999746,316.4135734552563,1.241673626947929,1
-33.13125326961126,264.57561554073465,1.9210109910375572,1
-21.032885467854207,333.4296508400662,1.7093709817617082,1
-29.525011426308176,321.4614394632373,1.3670867936614552,1
-24.030584274144463,321.54557177123803,1.356152109780227,1
-26.606870278938676,313.1542721642918,1.5889726635422285,1
-35.924496584936115,300.5884997308197,1.6389554385802754,1
-34.504848826222236,320.1858370790046,1.559187679689362,1
-22.79027427693187,317.7544240122413,1.5933926020328655,1
-32.34342732474579,289.3787786717693,2.009987212372914,1
-32.82553924269398,282.791946813093,1.8214629456704656,1
-36.68585805544547,303.0556888578596,1.5571906773795072,1
-27.03480654084577,346.47060454485563,1.782393174230245,1
-15.562325565297986,262.826787730383,1.1902428289417382,1
-37.47273039977991,255.97424202742678,1.6193781149840427,1
-29.830463803290694,304.9428252370955,2.042791904919933,1
-20.114456112091993,301.5266310556805,1.434586231382288,1
-30.557489738720005,305.20024993111224,1.2457098214142746,1
-26.833397426251864,307.318595937255,1.3043733334220817,1
-37.43675469702816,293.30393236095586,1.1731100887972836,1
-27.00185031954646,344.6959031580625,1.264571427561689,1
-31.31000985503184,251.97288064570455,1.3888475704229912,1
-23.09989003024096,275.1450892565926,1.0783298942464075,1
-21.68829763904674,296.90235719552857,1.504685500184881,1
-11.873054505869703,250.70433566537497,1.770683152135994,1
-25.94256778750497,294.72436786703787,1.227673145955924,1
-27.719425783924834,349.8441049718405,1.9557851770925305,1
-28.63930988895865,300.62659464887884,1.6532376265582784,1
-32.47216404967482,306.9210271715605,1.8091741756872173,1
-27.63061309576816,262.1950570448226,1.302649633844359,1
-32.06780987097321,281.50915775881566,1.7563575681199848,1
-28.8207731661127,288.7441085902819,1.1724198298814061,1
-20.77681725074428,290.468547097313,1.7670742502509527,1
-37.045797956957486,338.44931385011307,1.5515518019380594,1
-22.02085007209668,316.73073182175375,1.665975365995435,1
-20.780194528620942,266.65626129188905,1.1473216183125445,1
-30.82647968893755,307.39514335296013,1.2314790473170185,1
-44.85298429306016,314.94665245490353,1.6791684654760155,1
-34.25475390966103,334.204471155638,1.2154955987327398,1
-20.921038174072237,347.4162205970512,1.638961887629737,1
-30.160076436092176,269.54717424516394,1.0898586580619263,1
-36.995115626064376,275.67427466368986,1.7544522638000004,1
-33.53342444859752,262.2726642325615,1.1302430055694472,1
-24.115659814468128,292.97940422679056,1.665689981303857,1
-26.172865022590344,313.99075123339003,1.6876892800938004,1
-31.67252469418786,329.62003549767303,1.2909684544711275,1
-32.56777088270281,297.7214692907243,1.6746079701254182,1
-32.74230704330675,290.40457430235466,1.5781326790000667,1
-36.45687129148952,304.5527397674622,1.3383474431421785,1
-18.692370173713908,274.9457129510993,1.1974335947771375,1
-32.25624328447938,362.6861616508432,0.9112122924982263,1
-21.479890354221524,251.77016918645825,1.604895014189908,1
-19.35078763654284,305.54221736687174,1.0305591685913835,1
-23.01182371296428,360.7081865768892,1.5286032598323924,1
-33.02134218902634,300.20399533679995,1.4209655351753252,1
-27.173889367643735,294.2988289499552,1.7037428326314585,1
-30.169369244736412,289.2766373156872,1.4093863501530408,1
-36.3259130251109,294.58824954712776,1.4011656640958725,1
-27.72948502794878,341.1854542402959,1.7195612112864886,1
-38.25327853811862,233.6441426601148,1.6005174087252352,1
-21.686244280769053,346.0030110388898,1.5948467871548335,1
-33.25232108108875,257.28128542649563,1.640780276942558,1
-28.591882408890125,292.00043012296754,1.0393283630378682,1
-28.016984899177004,287.1226673910401,1.7270366039960945,1
-31.81233481592854,317.6565980931216,1.6837406382040807,1
-25.893143389673078,252.05626944348757,1.1949950614270508,1
-33.32432559635767,313.8651799824583,1.4267758578977396,1
-23.90091891779929,360.72928869860556,1.4882078137117107,1
-39.42185776172724,259.1047798622157,1.4596509646794802,1
-29.11534294317512,305.69118502831185,1.6001579899705605,1
-16.427497006592006,280.14053466610176,1.929410034549355,1
-37.00231927223902,312.77661618579106,1.8245300183018487,1
-34.74421479367396,300.57443332247254,1.1063342419705782,1
-26.402645052387594,280.7553927286707,1.6866209970918147,1
-28.742927526422815,314.63616854613224,1.8986799958606229,1
-27.545589305085088,354.1304432936023,1.6160425562067608,1
-26.575690088966354,294.27288624818107,1.8272941275557901,1
-25.55694972006761,321.5927382644455,2.1036811337102295,1
-22.232101106306438,261.20181126386507,1.8071128638320944,1
-27.13126940150041,271.30690869545975,1.5747925786925188,1
-31.688803582329797,314.1721883364113,1.813526542225426,1
-25.29198409158088,344.52348085607895,1.5434663499290673,1
-16.70082645573349,310.6684004635698,1.5071709129854867,1
-30.928436224678016,290.60825908430536,1.3945757292858803,1
-36.82170513269449,299.9787421627006,1.9690240076496324,1
-22.25043531499119,262.4877679809085,1.2544714002173996,1
-30.842668147675187,318.135459790661,1.9597103174034347,1
-45.20868682209825,326.46999186970226,1.6499592371221115,1
-24.068048259947048,286.4372900150076,1.0802081475594176,1
-33.747297301677456,285.89873556721494,1.6102947878974265,1
-30.633732976129124,307.97634688956146,0.8699920477045128,1
-27.676137686016897,286.89840791878214,1.6876524050493107,1
-28.666502241546535,298.01602156122533,1.7655694448966974,1
-25.033837280026724,362.99165367499546,1.3222932133043839,1
-33.048404593988906,292.5892289776201,1.5370643087866747,1
-26.40825941276742,289.2497954393633,2.086247230125086,1
-31.81682674308742,280.5737458309452,1.348275988721419,1
-24.82832663378748,322.3257591449981,1.1823277238830199,1
-25.692427611908627,294.5632748034569,1.9444990207387796,1
-36.54807091431217,280.51880885035723,2.0887761571592383,1
-22.398125186774774,339.63912096819035,1.5011087015543543,1
-33.75174411579834,342.5880901354091,1.8034389106225068,1
-24.343595412031984,281.98729302783886,1.9024427746592643,1
-27.428988806190617,244.00380145918152,1.277254730238485,1
-17.132714262434142,330.22541069510766,1.3544082493896394,1
-31.564261876602966,279.4611052271999,1.8692623539464206,1
-32.44521757282738,323.71876797488306,2.0055042836125527,1
-30.13593724121413,240.89688546864494,1.6688642580523063,1
-32.12225847983993,326.77792014897926,1.2360556939493836,1
-24.40040668640565,263.66484212157656,2.0961183335098323,1
-41.31417425905612,321.92292357199574,1.3407087306564107,1
-37.37577693402448,300.42819203509305,1.3994586656485644,1
-37.47462045105435,271.38181741810064,1.6027013503468863,1
-23.34784685618497,287.78891061219656,1.9662481262144322,1
-18.025706391926523,320.58955370870103,1.756192792965667,1
-30.7311445297623,303.17683359345705,1.624459650108573,1
-31.181752062330073,317.53238941417453,1.6389865590354318,1
-29.50963485820773,359.2932175354646,1.5130544005930397,1
-21.86685188174267,253.07275164866846,1.6674418543555518,1
-36.49147193933402,348.51637724905873,0.7411319766917092,1
-28.331417120856504,303.13067812569636,1.4110177622790605,1
-23.173616591522993,273.03647855030613,1.5723965804750344,1
-26.492340810421084,260.0905912278303,1.1546957749141478,1
-28.672928683808795,294.326388276689,1.615896995343468,1
-22.99267735203001,327.6495033577338,1.4386586337041636,1
-48.92262605099466,296.17352638867396,2.026642709494647,1
-25.254872763283647,345.33464790742045,1.9719059175644569,1
-34.578529781891966,256.4647292984532,1.3602583292645511,1
-42.8144302779952,299.63733156461836,1.4547486865299915,1
-26.421581803325136,262.4281966676064,1.4778157303174821,1
-20.384390183859296,310.908956478749,1.3645021571521132,1
-30.962139602393844,326.606621702919,1.5585074952084381,1
-23.329878169579427,287.3771461895684,1.272515379333723,1
-18.714052194079482,221.87358430118599,1.160815399518742,1
-20.795598824911668,305.96844440389486,1.6868133671700805,1
-18.52024829440025,313.1021565520053,1.6888588752665432,1
-24.805107562496755,312.12884264885093,1.2587052721020022,1
-29.47196452768885,337.07346575466465,1.7686066292287799,1
-41.21376068328018,267.86838961052854,1.3105266812504006,1
-31.72243741690964,320.4064831635135,1.5759495714113942,1
-35.902726167213345,335.77522537433924,1.7461032037837367,1
-14.803400977515304,246.6423724798045,1.489916230588886,1
-31.231200687026355,309.58955477756933,1.6364222736423404,1
-29.1375663525086,284.87460506976987,1.3450711068337284,1
-26.139602367716726,297.5543198069506,1.4410600249715708,1
-29.694782875392825,310.43029450615006,1.4382421707358979,1
-18.13464271698473,285.38314307659346,1.2760264960379284,1
-34.358545532141164,279.7287576251517,1.4469677510652654,1
-28.637747813339303,301.02457252464075,1.035414510340876,1
-35.197294099886335,267.3826218341159,1.3526538758573685,1
-39.24015757854494,267.42524613344443,1.4145373519890987,1
-34.282383636336995,320.3811984886951,1.423146074251386,1
-30.259257579338882,265.5361789452403,1.4275507662387663,1
-33.00511557162082,319.98937502727637,1.4814707400419613,1
-34.84694685911699,313.87773878561853,1.6438324554258192,1
-39.84422224570284,248.2257981362821,1.7623551222397569,1
-30.581739008400863,279.67306042993033,1.30507043194552,1
-40.53304261821702,335.82328209142116,1.1390397433832566,1
-24.67960825417278,270.5650340658095,1.187386676327069,1
-29.422921729458476,286.06787213071834,1.353839123641522,1
-40.202860496254516,313.8618267975569,1.3944236046550473,1
-32.16446353934904,323.5017152784779,1.2690011801407628,1
-35.26509483913408,292.4538334186651,1.1111650007250318,1
-27.765778427065737,282.0746941592507,1.3631637517577435,1
-20.616846877837986,342.6710958509552,1.5544279860341914,1
-43.12620728752022,352.16698991392735,1.6785088397506693,1
-29.19481744596808,329.36574152345383,1.3327730840675036,1
-31.12092956896648,302.5595442769507,1.3761006533569697,1
-25.30061946484674,275.7520283507722,1.2219905073458068,1
-28.507623602336174,275.08666780330304,1.4905682488875671,1
-35.263785322171735,315.6754231579727,1.2454714097427555,1
-32.23337754966633,312.55194662666054,1.67193834397236,1
-35.57218099762442,342.04795778839286,0.9642400524197666,1
-22.467950029809813,319.5135027760842,1.3921110982642613,1
-29.850818459296406,254.90759094720545,1.5903322017575225,1
-16.69166519972895,331.5584285316876,1.5551503548967514,1
-30.424625696702346,270.0581811805676,2.307910099194149,1
-34.95884736837324,288.48086184142943,1.6049400073703723,1
-40.59600074828979,307.50600618755084,1.198783620947397,1
-42.62197773379162,359.8700246935189,1.4713607258732782,1
-41.08895160103843,393.2975566801608,0.9671260999600645,1
-28.130113442919615,318.2016917740855,1.4758200752109718,1
-26.438924837390463,294.5041014383884,1.2500831828997725,1
-41.068334914224934,316.0351694544165,1.7746170826680485,1
-23.73473180146719,326.62966277621507,1.3351379176213396,1
-33.38142736178408,290.37997123328427,1.464970225261426,1
-28.972448916101154,353.85634067736964,1.309332647578679,1
-18.71445560221203,306.90212277574204,2.0216554055559994,1
-23.722124788941276,314.9322926727418,1.4036271701646266,1
-31.879714535340828,319.97772756163386,2.0497671130437602,1
-36.23834557790701,312.64759831843367,1.7442455286354799,1
-45.06270780930514,325.1682150140884,1.6446200182006159,1
-35.03407323469694,281.4824044035923,1.610619944195256,1
-31.477911671793862,283.2509473816191,1.6181391894648756,1
-36.91025669005829,266.99537301084916,0.921698226196317,1
-30.918798769646134,313.1850369186068,1.416334981754773,1
-29.462036819288624,323.3680951053634,1.7535473913552964,1
-31.57399187265655,313.7331859845566,1.4853308449577682,1
-34.55001806576422,350.2347730004261,1.0784430459589274,1
-28.819417296232906,299.8321194351286,1.4842786648267592,1
-26.906415453014137,320.0622496677754,2.0112316548766476,1
-37.63279354209992,267.24897371582057,1.8740675146604158,1
-20.123473341776112,288.387008925768,1.4813987971901905,1
-30.690116925989834,320.8661327269733,1.785434783117426,1
-29.868052639386065,325.4730633222943,1.3900478938895844,1
-25.0424990372041,291.1809915700745,0.9888385239519843,1
-28.36748708115549,297.852022444258,1.2226602035611336,1
-23.328043562607284,254.4637875995757,1.9688666305524594,1
-27.99013084358723,289.2891239758017,1.4178020754512088,1
-34.287061622483066,326.7114949055936,1.4269848061874946,1
-27.46947532355729,317.25615048319696,1.4100485411175359,1
-38.006083451244635,315.0199716414363,2.071240976871902,1
-29.240082059564337,301.4932106154288,1.987787674608619,1
-30.232609934511224,300.2118947588453,2.1656340700344403,1
-31.456818000907777,280.1903658157966,1.4522864368799846,1
-30.899762580072515,320.964852606076,1.5886873466241285,1
-43.172943318483476,312.6291883316817,1.0450072351737627,1
-33.84107435418673,314.760565439784,1.9430803278354822,1
-29.350085692012197,284.2189547199726,1.1496661346196195,1
-28.8810052560182,235.39971240386268,1.5650326691287888,1
-37.19372598648171,332.91458135261087,1.1708092417101468,1
-21.140045113947096,285.6348763197479,1.3233399519783913,1
-36.063223937501505,274.1167270787064,1.2488212706850899,1
-23.213799596312843,320.80436735741984,1.3176374217972546,1
-27.009639466898207,288.2396208024261,1.3382631890553065,1
-34.52359116890662,331.79809152139865,1.335519361522477,1
-17.572823751733416,318.51017848730095,1.7500001735340922,1
-38.355457822295364,320.50707969601433,1.168541162081244,1
-23.56592078472999,259.021328663984,1.56616242810416,1
-22.995923773699154,336.358319561592,1.8653877456916674,1
-34.69434146353652,307.83751593701567,1.3460410906459812,1
-20.2527428995497,288.9216858226139,1.2846243327757194,1
-31.75032560219267,304.3016540202675,1.4308426124459248,1
-27.979144595041,246.7129430130504,1.853917562508213,1
-28.177747128601453,312.25958434442015,1.5582322892860072,1
-30.940161190293836,269.11885475453784,1.3406357116177205,1
-24.324342087881526,259.41989142469396,1.645162995356412,1
-24.44557895613451,254.32922441346327,1.169312355049073,1
-42.239723812667265,333.38065124969773,1.7044078531328843,1
-20.86961829985293,281.12209818921633,1.6225821923105304,1
-41.63744391624972,346.01183129749495,1.4076574586583348,1
-22.772176569608398,283.9259561084311,1.2484242604658307,1
-22.113064042206915,248.7792612722116,1.2339957233149628,1
-37.636765011506384,266.5042668015402,1.6604452009037731,1
-32.87570001568209,337.07434860020817,1.8686941507467185,1
-37.73993267940155,295.32305466189996,1.3088076758913616,1
-31.504447212021148,283.55138110528196,1.6375160110654452,1
-32.15623998930019,304.80054677558365,0.8738918944193794,1
-24.54237627411462,315.05348208502636,1.32461468080284,1
-20.82783877716274,333.5219644770738,1.4906823201387294,1
-20.230213324470306,343.4549768967878,1.2270949749054498,1
-33.93517618604812,289.2069406263274,1.219048087563121,1
-31.464553116211693,260.21856941753884,1.2996661330593342,1
-41.78406734554665,287.59604516630174,1.587657818497912,1
-35.64109046547332,307.80841519748657,1.4438012944780876,1
-23.246038568317797,271.08723221368166,0.8285306300025084,1
-18.69092023516238,271.28547255314874,0.8637899542094801,1
-38.64044210315946,310.31363644649656,1.3179404466428473,1
-34.14724981407026,298.5404294528865,1.6373059758160655,1
-30.18484029871249,300.9839098623476,0.6757485471824296,1
-28.038871888262754,277.2451399589979,1.3500809471545108,1
-35.667224639451526,293.087978573827,1.3421256430447737,1
-27.03157268875137,272.27300567195084,1.9165013334625343,1
-33.31687542949641,326.7059523337436,1.3844934564861409,1
-30.101165896147954,331.05748004171255,1.6148966954222785,1
-26.176010263974103,244.6143641328572,1.5423771420262389,1
-29.955044111323435,272.1146741942277,0.8608300560578398,1
-33.05470123368598,255.10412234729762,1.730462164989521,1
-30.767268627480817,280.4992819677931,1.5646189516368865,1
-30.618540714437348,297.49686090628916,1.6524805919023768,1
-32.59007720917489,256.5106434090441,2.6778713119308977,1
-31.811572438669717,272.3442056062406,0.8747661181504235,1
-18.809469806466982,269.88127883755504,2.0174089949283323,1
-26.07356386441133,306.2180198819683,1.4137657441798934,1
-32.06836222620412,302.0803301110875,1.5861986713209029,1
-25.12131916842485,278.3478733998824,1.4863463264096273,1
-32.33673642829207,305.30462616418197,1.372729099980587,1
-21.788127536893512,283.59959746238206,1.3290501215283723,1
-27.412504654613343,291.85034669021843,1.5988526206719027,1
-30.7511150080296,350.2035627089561,1.0448478909984962,1
-26.865981519328056,340.2138315537104,1.7251737502565296,1
-40.996133064479494,261.01256289217207,1.375141678534424,1
-37.88737228236864,324.89197253637525,1.1609791982878928,1
-38.35747504479339,324.34189663474774,1.3649961426012558,1
-28.999398336654053,265.55210133742145,1.8771447650587718,1
-17.872395003604357,324.5633293126458,1.3393994738951331,1
-14.380898976651574,346.1379575523766,1.6075360854628862,1
-25.5336422899147,266.3236558126676,1.280713117285358,1
-26.494088675388802,272.4749153695721,1.7273765549770859,1
-42.607404139069175,330.52984400530505,1.7056523216370612,1
-33.79871659813815,308.1448593247694,2.0545826499889235,1
-35.514486263357675,316.5442882571857,1.4473308163502354,1
-34.345933187757815,310.2176764920149,1.700596441427372,1
-31.177006730093527,311.72087762784435,1.5294202618616834,1
-33.304634043879894,260.2058361506675,1.8887615345589044,1
-43.85509867263052,331.4195311986434,1.2843502837173808,1
-24.764628207177264,335.0876997728332,1.7235015938631844,1
-37.50920118017864,293.11827767795916,1.4415908111649955,1
-28.325271951221954,298.69569150558414,1.4807435468674506,1
-15.481421311750186,254.06677492332835,1.527525745334512,1
-36.435692141104965,315.42764268053503,1.5756721189280032,1
-47.71201265922431,317.16172325142435,1.4651312870634126,1
-32.002029553160774,298.13426949002064,1.564413954951158,1
-22.293282555010002,333.7306007961151,1.9734354172686555,1
-16.291567820455843,289.97768307060176,1.7956349056845655,1
-38.60684716116692,316.938177776808,1.760746377749069,1
-26.52310543734435,269.41006983923654,1.3633381421928388,1
-33.257173197460375,299.29343547377283,1.2332277515315027,1
-30.741638480128948,294.76937226291494,1.7865901674713258,1
-11.489596570880757,306.75923766122827,1.7628140377589383,1
-40.52079229876607,288.91419213499927,1.9418012027252947,1
-28.223822369537984,296.05582212984996,1.3188058122092312,1
-26.726147797641968,324.78141514324517,1.431135403391896,1
-22.399495725424572,286.8970728828535,1.0081547512423699,1
-29.314117925703734,251.8026869778396,1.3822586681817381,1
-27.843646223471282,352.48751712616263,1.7989711531738342,1
-32.741539971952534,341.4436223607146,1.3600513862315406,1
-28.116111411284248,261.23211914683145,1.692143938560247,1
-32.40234592848187,320.69123415735584,1.4428490682006565,1
-25.648996771007646,284.9107568834597,1.5972171084664681,1
-32.58727235230544,307.9046164599318,1.1556925830552998,1
-27.360297242684695,308.8267238704048,1.5255628348901704,1
-30.20483969579485,292.9677659905103,0.6026592087297831,1
-22.117648244594825,276.4870300324081,1.4439311525514045,1
-30.359756065119402,279.2837684305122,1.0108580268854581,1
-42.41122727744817,272.51424253556274,1.8617983549640447,1
-21.16654949500206,275.04533375308665,1.7332222058293534,1
-36.34012610603833,297.98465129851934,1.6400012945898244,1
-34.57636437054174,278.5272003266774,1.956301868147814,1
-34.169629058304444,320.4615619713786,1.215325043752549,1
-20.378933347804278,344.61738466007785,2.0242089593746675,1
-44.949719497850865,282.5984027588987,1.7796574692781153,1
-8.035760264380045,307.1821350160613,1.4290334138343161,1
-22.60760233653764,314.990553309088,1.8406860441548831,1
-28.437327601095884,314.16006812757826,1.1681119462765097,1
-30.384258004314006,302.2786580374826,1.252645751541698,1
-28.001121475996403,322.28047255079167,1.31742308302809,1
-26.352143001344633,314.46746858041973,1.3413066875807955,1
-25.4834908983496,262.87012733018105,1.1830327071719242,1
-26.11076873797586,326.0746819316782,1.8669249201285976,1
-29.37293523121326,326.61872511800226,1.4223436798890505,1
-31.381368942151283,277.10141687464255,1.6057514905070638,1
-31.058912985574583,301.1381350634281,1.3288945900758957,1
-31.364357962468766,320.4998697843321,0.9538190098354449,1
-22.06360932193055,293.72058541261913,1.5810172075174267,1
-25.845102944033968,332.18934143298037,0.926323507374067,1
-50.58272044264996,370.91617483858084,1.4794097861743594,1
-25.40869456429167,276.42041902095053,1.089505488350157,1
-28.636846636968578,258.56866190538676,2.0961827997692426,1
-30.13096129512128,309.1145578681463,1.7734088166524165,1
-32.7196291716222,321.6468751537843,1.5317261373814441,1
-22.131210960097906,293.07400878465694,1.8791120032964006,1
-23.367314765139994,343.597819899631,1.2461052067602791,1
-35.410143674765266,259.8418260083025,1.663043813601028,1
-27.150633990128256,320.78755869094834,1.5599431301156141,1
-36.801597141789,281.8241753772332,1.579206024400101,1
-39.657327153522516,351.5813371862189,1.8817060500320304,1
-34.38702057212976,359.77546059504357,1.7197476308339406,1
-23.963245693320687,277.00030236649957,1.586617098847507,1
-23.328124682367395,283.5132859227426,1.0035337691315112,1
-26.40840205931895,325.78763660939404,1.211986111416161,1
-24.924329492064018,288.38608050631456,1.4631873199212828,1
-26.386751990195293,298.63766346203283,1.5280117122829955,1
-34.490371166560664,300.76165261627233,1.1609388825978229,1
-26.976542187282416,242.4098053140703,2.2235030026735263,1
-24.397133323406223,299.5848676171729,1.954918216576072,1
-24.71996069130498,279.3081667780748,1.680635496117745,1
-21.6776063996775,285.20631532800684,1.5216110583851234,1
-25.041873069592555,343.30896010406445,1.4363373090296545,1
-27.53986254720892,262.3047931716223,1.2144244619933293,1
-22.508948331785007,324.3961556024393,1.5232441555556588,1
-30.18564881474342,291.63111209004575,1.5773257620428252,1
-36.173122558594024,291.60719494512495,1.1274718273555127,1
-31.141468747606346,323.71115688155135,1.6002529251734692,1
-35.214318513645146,310.2015388370667,1.4534222853525753,1
